{
    "$schema": "http://json-schema.org/draft-07/schema#",
    "type": "object",
    "properties": {
      "disposition_ref_number": { "type": "string" },
      "source": { "type": "string",
       "enum":
       [ "TELECALLING" , "FIELD" ]
      },
      "case_ref_number": { "type": "string", "minLength":3},
      "agent_ref_number": { "type": "string" },
      "customer_ref_number": { "type": "string" },
      "disposition": { "type": "string",
      "enum": 
      ["CB","PTP","BPTP","RTP","LM","NC","NR","RNR",
      "PAID","CP","DISPUTE","FRAUD","SNOOZE_PTP",
      "SNOOZE_BPTP","SNOOZE_PAID","ANF","ST_PAID",
      "FPTP","DEATH","LB","WN","STF","SUP_FOLLOW",
      "LGT","SC19","FC19","PARTIAL_PAID","DIF","DL"
      ,"SHIFTED","SPTP","IWTC","S_PTP","SA","TPTP",
      "WA","DC","NDC","Postpay_BPTP","Postpay_Paid",
      "Postpay_PTP","CLB","DLK","LMG","SKIP","OS",
      "CBRE","CD","TR"]
    },
      "comment": { "type": "string" },
      "followup_date": { "type": "string"},
      "location": {
        "type": "object",
        "properties": {
          "latitude": { "type": "number" },
          "longitude": { "type": "number" }
        }
      },
      "selfie_file_path": { "type": "string" },
      "address_ref_number": { "type": "string" },
      "contact_ref_number": { "type": "string" }
    },
    "required": [
      "disposition_ref_number",
      "source",
      "case_ref_number",
      "agent_ref_number",
      "customer_ref_number",
      "disposition",
      "comment",
      "followup_date",
      "selfie_file_path",
      "address_ref_number",
      "contact_ref_number"
    ]
  }
  